"(Precision_Test, Precision_Attack)","(Device_Test, Device_Attack)","(Compile_Test(fallback_random, epilogue_fusion, shape_padding, dynamic), Compile_Attack((fallback_random, epilogue_fusion, shape_padding, dynamic)))",Total_cnt,Same_cnt,Prob
"(fp64,fp64)","(cuda:1,cuda:1)","(0000,0000)",2816,2161,0.7674005681818182
"(fp64,fp64)","(cuda:1,cuda:1)","(0000,1000)",2816,1491,0.5294744318181818
"(fp64,fp64)","(cuda:1,cuda:1)","(1000,0000)",2816,1217,0.43217329545454547
"(fp64,fp64)","(cuda:1,cuda:1)","(1000,1000)",2816,1566,0.5561079545454546
"(fp64,fp64)","(cuda:1,cuda:1)","(0001,0001)",2816,1348,0.4786931818181818
"(fp64,fp64)","(cuda:1,cuda:1)","(0001,0101)",2816,1347,0.4783380681818182
"(fp64,fp64)","(cuda:1,cuda:1)","(0101,0001)",2816,2505,0.8895596590909091
"(fp64,fp64)","(cuda:1,cuda:1)","(0101,0101)",2816,2357,0.8370028409090909
"(fp64,fp64)","(cuda:1,cuda:1)","(0100,0100)",2816,1875,0.6658380681818182
"(fp64,fp64)","(cuda:1,cuda:1)","(0100,0110)",2816,2787,0.9897017045454546
"(fp64,fp64)","(cuda:1,cuda:1)","(0110,0100)",2816,2175,0.7723721590909091
"(fp64,fp64)","(cuda:1,cuda:1)","(0110,0110)",2816,1092,0.3877840909090909
"(fp64,fp64)","(cuda:1,cuda:1)","(0110,0110)",2816,1553,0.5514914772727273
"(fp64,fp64)","(cuda:1,cuda:1)","(0110,0111)",2816,1532,0.5440340909090909
"(fp64,fp64)","(cuda:1,cuda:1)","(0111,0110)",2816,962,0.3416193181818182
"(fp64,fp64)","(cuda:1,cuda:1)","(0111,0111)",2816,1631,0.5791903409090909
"(fp64,fp64)","(cuda:1,cuda:1)","(0000,0000)",2816,1058,0.3757102272727273
"(fp64,fp64)","(cuda:1,cuda:1)","(0000,1000)",2816,769,0.27308238636363635
"(fp64,fp64)","(cuda:1,cuda:1)","(1000,0000)",2816,1731,0.6147017045454546
"(fp64,fp64)","(cuda:1,cuda:1)","(1000,1000)",2816,2334,0.8288352272727273
"(fp64,fp64)","(cuda:1,cuda:1)","(0001,0001)",2816,1204,0.4275568181818182
"(fp64,fp64)","(cuda:1,cuda:1)","(0001,0101)",2816,2337,0.8299005681818182
"(fp64,fp64)","(cuda:1,cuda:1)","(0101,0001)",2816,2816,1.0
"(fp64,fp64)","(cuda:1,cuda:1)","(0101,0101)",2816,929,0.3299005681818182
"(fp64,fp64)","(cuda:1,cuda:1)","(0100,0100)",2816,2257,0.8014914772727273
"(fp64,fp64)","(cuda:1,cuda:1)","(0100,0110)",2816,2769,0.9833096590909091
"(fp64,fp64)","(cuda:1,cuda:1)","(0110,0100)",2816,1645,0.5841619318181818
"(fp64,fp64)","(cuda:1,cuda:1)","(0110,0110)",2816,2622,0.9311079545454546
"(fp64,fp64)","(cuda:1,cuda:1)","(0110,0110)",2816,986,0.35014204545454547
"(fp64,fp64)","(cuda:1,cuda:1)","(0110,0111)",2816,1108,0.3934659090909091
"(fp64,fp64)","(cuda:1,cuda:1)","(0111,0110)",2816,1315,0.4669744318181818
"(fp64,fp64)","(cuda:1,cuda:1)","(0111,0111)",2816,997,0.35404829545454547
"(fp64,fp64)","(cuda:1,cuda:1)","(0000,0000)",2816,1565,0.5557528409090909
"(fp64,fp64)","(cuda:1,cuda:1)","(0000,1000)",2816,1451,0.5152698863636364
"(fp64,fp64)","(cuda:1,cuda:1)","(1000,0000)",2816,2645,0.9392755681818182
"(fp64,fp64)","(cuda:1,cuda:1)","(1000,1000)",2816,1724,0.6122159090909091
"(fp64,fp64)","(cuda:1,cuda:1)","(0001,0001)",2816,1387,0.49254261363636365
"(fp64,fp64)","(cuda:1,cuda:1)","(0001,0101)",2816,1981,0.7034801136363636
"(fp64,fp64)","(cuda:1,cuda:1)","(0101,0001)",2816,2318,0.8231534090909091
"(fp64,fp64)","(cuda:1,cuda:1)","(0101,0101)",2816,2623,0.9314630681818182
"(fp64,fp64)","(cuda:1,cuda:1)","(0100,0100)",2816,1192,0.42329545454545453
"(fp64,fp64)","(cuda:1,cuda:1)","(0100,0110)",2816,2506,0.8899147727272727
"(fp64,fp64)","(cuda:1,cuda:1)","(0110,0100)",2816,2719,0.9655539772727273
"(fp64,fp64)","(cuda:1,cuda:1)","(0110,0110)",2816,2162,0.7677556818181818
"(fp64,fp64)","(cuda:1,cuda:1)","(0110,0110)",2816,1936,0.6875
"(fp64,fp64)","(cuda:1,cuda:1)","(0110,0111)",2816,1550,0.5504261363636364
"(fp64,fp64)","(cuda:1,cuda:1)","(0111,0110)",2816,2001,0.7105823863636364
"(fp64,fp64)","(cuda:1,cuda:1)","(0111,0111)",2816,2314,0.8217329545454546
"(fp64,fp64)","(cuda:1,cuda:1)","(0000,0000)",2816,1428,0.5071022727272727
"(fp64,fp64)","(cuda:1,cuda:1)","(0000,1000)",2816,2783,0.98828125
"(fp64,fp64)","(cuda:1,cuda:1)","(1000,0000)",2816,1159,0.41157670454545453
"(fp64,fp64)","(cuda:1,cuda:1)","(1000,1000)",2816,2629,0.93359375
"(fp64,fp64)","(cuda:1,cuda:1)","(0001,0001)",2816,1792,0.6363636363636364
"(fp64,fp64)","(cuda:1,cuda:1)","(0001,0101)",2816,2633,0.9350142045454546
"(fp64,fp64)","(cuda:1,cuda:1)","(0101,0001)",2816,1277,0.45348011363636365
"(fp64,fp64)","(cuda:1,cuda:1)","(0101,0101)",2816,836,0.296875
"(fp64,fp64)","(cuda:1,cuda:1)","(0100,0100)",2816,1589,0.5642755681818182
"(fp64,fp64)","(cuda:1,cuda:1)","(0100,0110)",2816,2386,0.8473011363636364
"(fp64,fp64)","(cuda:1,cuda:1)","(0110,0100)",2816,1169,0.4151278409090909
"(fp64,fp64)","(cuda:1,cuda:1)","(0110,0110)",2816,2816,1.0
"(fp64,fp64)","(cuda:1,cuda:1)","(0110,0110)",2816,1494,0.5305397727272727
"(fp64,fp64)","(cuda:1,cuda:1)","(0110,0111)",2816,994,0.35298295454545453
"(fp64,fp64)","(cuda:1,cuda:1)","(0111,0110)",2816,2816,1.0
"(fp64,fp64)","(cuda:1,cuda:1)","(0111,0111)",2816,2808,0.9971590909090909
"(fp64,fp64)","(cuda:1,cuda:1)","(0000,0000)",2816,2374,0.8430397727272727
"(fp64,fp64)","(cuda:1,cuda:1)","(0000,1000)",2816,2580,0.9161931818181818
"(fp64,fp64)","(cuda:1,cuda:1)","(1000,0000)",2816,1863,0.6615767045454546
"(fp64,fp64)","(cuda:1,cuda:1)","(1000,1000)",2816,2813,0.9989346590909091
"(fp64,fp64)","(cuda:1,cuda:1)","(0001,0001)",2816,2532,0.8991477272727273
"(fp64,fp64)","(cuda:1,cuda:1)","(0001,0101)",2816,2507,0.8902698863636364
"(fp64,fp64)","(cuda:1,cuda:1)","(0101,0001)",2816,2766,0.9822443181818182
"(fp64,fp64)","(cuda:1,cuda:1)","(0101,0101)",2816,2653,0.9421164772727273
"(fp64,fp64)","(cuda:1,cuda:1)","(0100,0100)",2816,2816,1.0
"(fp64,fp64)","(cuda:1,cuda:1)","(0100,0110)",2816,1295,0.4598721590909091
"(fp64,fp64)","(cuda:1,cuda:1)","(0110,0100)",2816,1890,0.6711647727272727
"(fp64,fp64)","(cuda:1,cuda:1)","(0110,0110)",2816,1724,0.6122159090909091
"(fp64,fp64)","(cuda:1,cuda:1)","(0110,0110)",2816,2115,0.7510653409090909
"(fp64,fp64)","(cuda:1,cuda:1)","(0110,0111)",2816,2816,1.0
"(fp64,fp64)","(cuda:1,cuda:1)","(0111,0110)",2816,2611,0.9272017045454546
"(fp64,fp64)","(cuda:1,cuda:1)","(0111,0111)",2816,2816,1.0
"(fp64,fp64)","(cuda:1,cuda:1)","(0000,0000)",2816,2299,0.81640625
"(fp64,fp64)","(cuda:1,cuda:1)","(0000,1000)",2816,2224,0.7897727272727273
"(fp64,fp64)","(cuda:1,cuda:1)","(1000,0000)",2816,2343,0.83203125
"(fp64,fp64)","(cuda:1,cuda:1)","(1000,1000)",2816,1783,0.6331676136363636
"(fp64,fp64)","(cuda:1,cuda:1)","(0001,0001)",2816,1391,0.4939630681818182
"(fp64,fp64)","(cuda:1,cuda:1)","(0001,0101)",2816,2735,0.9712357954545454
"(fp64,fp64)","(cuda:1,cuda:1)","(0101,0001)",2816,1629,0.5784801136363636
"(fp64,fp64)","(cuda:1,cuda:1)","(0101,0101)",2816,2764,0.9815340909090909
"(fp64,fp64)","(cuda:1,cuda:1)","(0100,0100)",2816,2734,0.9708806818181818
"(fp64,fp64)","(cuda:1,cuda:1)","(0100,0110)",2816,2660,0.9446022727272727
"(fp64,fp64)","(cuda:1,cuda:1)","(0110,0100)",2816,1512,0.5369318181818182
"(fp64,fp64)","(cuda:1,cuda:1)","(0110,0110)",2816,757,0.2688210227272727
"(fp64,fp64)","(cuda:1,cuda:1)","(0110,0110)",2816,2269,0.8057528409090909
"(fp64,fp64)","(cuda:1,cuda:1)","(0110,0111)",2816,1974,0.7009943181818182
"(fp64,fp64)","(cuda:1,cuda:1)","(0111,0110)",2816,1109,0.3938210227272727
"(fp64,fp64)","(cuda:1,cuda:1)","(0111,0111)",2816,2804,0.9957386363636364
"(fp64,fp64)","(cuda:1,cuda:1)","(0000,0000)",2816,970,0.3444602272727273
"(fp64,fp64)","(cuda:1,cuda:1)","(0000,1000)",2816,1261,0.44779829545454547
"(fp64,fp64)","(cuda:1,cuda:1)","(1000,0000)",2816,1873,0.6651278409090909
"(fp64,fp64)","(cuda:1,cuda:1)","(1000,1000)",2816,944,0.3352272727272727
"(fp64,fp64)","(cuda:1,cuda:1)","(0001,0001)",2816,2082,0.7393465909090909
"(fp64,fp64)","(cuda:1,cuda:1)","(0001,0101)",2816,1283,0.45561079545454547
"(fp64,fp64)","(cuda:1,cuda:1)","(0101,0001)",2816,1657,0.5884232954545454
"(fp64,fp64)","(cuda:1,cuda:1)","(0101,0101)",2816,1133,0.40234375
"(fp64,fp64)","(cuda:1,cuda:1)","(0100,0100)",2816,1597,0.5671164772727273
"(fp64,fp64)","(cuda:1,cuda:1)","(0100,0110)",2816,1885,0.6693892045454546
"(fp64,fp64)","(cuda:1,cuda:1)","(0110,0100)",2816,1945,0.6906960227272727
"(fp64,fp64)","(cuda:1,cuda:1)","(0110,0110)",2816,1861,0.6608664772727273
"(fp64,fp64)","(cuda:1,cuda:1)","(0110,0110)",2816,2014,0.7151988636363636
"(fp64,fp64)","(cuda:1,cuda:1)","(0110,0111)",2816,1656,0.5880681818181818
"(fp64,fp64)","(cuda:1,cuda:1)","(0111,0110)",2816,1045,0.37109375
"(fp64,fp64)","(cuda:1,cuda:1)","(0111,0111)",2816,1047,0.3718039772727273
"(fp64,fp64)","(cuda:1,cuda:1)","(0000,0000)",2816,1656,0.5880681818181818
"(fp64,fp64)","(cuda:1,cuda:1)","(0000,1000)",2816,2812,0.9985795454545454
"(fp64,fp64)","(cuda:1,cuda:1)","(1000,0000)",2816,1257,0.4463778409090909
"(fp64,fp64)","(cuda:1,cuda:1)","(1000,1000)",2816,1165,0.41370738636363635
"(fp64,fp64)","(cuda:1,cuda:1)","(0001,0001)",2816,1152,0.4090909090909091
"(fp64,fp64)","(cuda:1,cuda:1)","(0001,0101)",2816,2804,0.9957386363636364
"(fp64,fp64)","(cuda:1,cuda:1)","(0101,0001)",2816,1503,0.5337357954545454
"(fp64,fp64)","(cuda:1,cuda:1)","(0101,0101)",2816,2816,1.0
"(fp64,fp64)","(cuda:1,cuda:1)","(0100,0100)",2816,1522,0.5404829545454546
"(fp64,fp64)","(cuda:1,cuda:1)","(0100,0110)",2816,1193,0.4236505681818182
"(fp64,fp64)","(cuda:1,cuda:1)","(0110,0100)",2816,865,0.30717329545454547
"(fp64,fp64)","(cuda:1,cuda:1)","(0110,0110)",2816,883,0.3135653409090909
"(fp64,fp64)","(cuda:1,cuda:1)","(0110,0110)",2816,1811,0.6431107954545454
"(fp64,fp64)","(cuda:1,cuda:1)","(0110,0111)",2816,1067,0.37890625
"(fp64,fp64)","(cuda:1,cuda:1)","(0111,0110)",2816,2816,1.0
"(fp64,fp64)","(cuda:1,cuda:1)","(0111,0111)",2816,2795,0.9925426136363636
"(fp64,fp64)","(cpu,cpu)","(0000,0000)",2816,2770,0.9836647727272727
"(fp64,fp64)","(cpu,cpu)","(0000,1000)",2816,1374,0.48792613636363635
"(fp64,fp64)","(cpu,cpu)","(1000,0000)",2816,1385,0.49183238636363635
"(fp64,fp64)","(cpu,cpu)","(1000,1000)",2816,2816,1.0
"(fp64,fp64)","(cpu,cpu)","(0001,0001)",2816,1549,0.5500710227272727
"(fp64,fp64)","(cpu,cpu)","(0001,0101)",2816,1308,0.46448863636363635
"(fp64,fp64)","(cpu,cpu)","(0101,0001)",2816,1904,0.6761363636363636
"(fp64,fp64)","(cpu,cpu)","(0101,0101)",2816,1325,0.4705255681818182
"(fp64,fp64)","(cpu,cpu)","(0100,0100)",2816,1329,0.4719460227272727
"(fp64,fp64)","(cpu,cpu)","(0100,0110)",2816,2590,0.9197443181818182
"(fp64,fp64)","(cpu,cpu)","(0110,0100)",2816,2245,0.7972301136363636
"(fp64,fp64)","(cpu,cpu)","(0110,0110)",2816,2805,0.99609375
"(fp64,fp64)","(cpu,cpu)","(0110,0110)",2816,1570,0.5575284090909091
"(fp64,fp64)","(cpu,cpu)","(0110,0111)",2816,2816,1.0
"(fp64,fp64)","(cpu,cpu)","(0111,0110)",2816,2798,0.9936079545454546
"(fp64,fp64)","(cpu,cpu)","(0111,0111)",2816,2780,0.9872159090909091
"(fp64,fp64)","(cpu,cpu)","(0000,0000)",2816,2010,0.7137784090909091
"(fp64,fp64)","(cpu,cpu)","(0000,1000)",2816,1325,0.4705255681818182
"(fp64,fp64)","(cpu,cpu)","(1000,0000)",2816,2799,0.9939630681818182
"(fp64,fp64)","(cpu,cpu)","(1000,1000)",2816,1556,0.5525568181818182
"(fp64,fp64)","(cpu,cpu)","(0001,0001)",2816,2367,0.8405539772727273
"(fp64,fp64)","(cpu,cpu)","(0001,0101)",2816,1632,0.5795454545454546
"(fp64,fp64)","(cpu,cpu)","(0101,0001)",2816,845,0.3000710227272727
"(fp64,fp64)","(cpu,cpu)","(0101,0101)",2816,2339,0.8306107954545454
"(fp64,fp64)","(cpu,cpu)","(0100,0100)",2816,2081,0.7389914772727273
"(fp64,fp64)","(cpu,cpu)","(0100,0110)",2816,2602,0.9240056818181818
"(fp64,fp64)","(cpu,cpu)","(0110,0100)",2816,2809,0.9975142045454546
"(fp64,fp64)","(cpu,cpu)","(0110,0110)",2816,1500,0.5326704545454546
"(fp64,fp64)","(cpu,cpu)","(0110,0110)",2816,1618,0.5745738636363636
"(fp64,fp64)","(cpu,cpu)","(0110,0111)",2816,1582,0.5617897727272727
"(fp64,fp64)","(cpu,cpu)","(0111,0110)",2816,1752,0.6221590909090909
"(fp64,fp64)","(cpu,cpu)","(0111,0111)",2816,2339,0.8306107954545454
"(fp64,fp64)","(cpu,cpu)","(0000,0000)",2816,1362,0.4836647727272727
"(fp64,fp64)","(cpu,cpu)","(0000,1000)",2816,2092,0.7428977272727273
"(fp64,fp64)","(cpu,cpu)","(1000,0000)",2816,2106,0.7478693181818182
"(fp64,fp64)","(cpu,cpu)","(1000,1000)",2816,1746,0.6200284090909091
"(fp64,fp64)","(cpu,cpu)","(0001,0001)",2816,971,0.3448153409090909
"(fp64,fp64)","(cpu,cpu)","(0001,0101)",2816,1996,0.7088068181818182
"(fp64,fp64)","(cpu,cpu)","(0101,0001)",2816,1015,0.3604403409090909
"(fp64,fp64)","(cpu,cpu)","(0101,0101)",2816,2816,1.0
"(fp64,fp64)","(cpu,cpu)","(0100,0100)",2816,2535,0.9002130681818182
"(fp64,fp64)","(cpu,cpu)","(0100,0110)",2816,2340,0.8309659090909091
"(fp64,fp64)","(cpu,cpu)","(0110,0100)",2816,1311,0.4655539772727273
"(fp64,fp64)","(cpu,cpu)","(0110,0110)",2816,2484,0.8821022727272727
"(fp64,fp64)","(cpu,cpu)","(0110,0110)",2816,2758,0.9794034090909091
"(fp64,fp64)","(cpu,cpu)","(0110,0111)",2816,2815,0.9996448863636364
"(fp64,fp64)","(cpu,cpu)","(0111,0110)",2816,1043,0.3703835227272727
"(fp64,fp64)","(cpu,cpu)","(0111,0111)",2816,1499,0.5323153409090909
"(fp64,fp64)","(cpu,cpu)","(0000,0000)",2816,1533,0.5443892045454546
"(fp64,fp64)","(cpu,cpu)","(0000,1000)",2816,2626,0.9325284090909091
"(fp64,fp64)","(cpu,cpu)","(1000,0000)",2816,1794,0.6370738636363636
"(fp64,fp64)","(cpu,cpu)","(1000,1000)",2816,2389,0.8483664772727273
"(fp64,fp64)","(cpu,cpu)","(0001,0001)",2816,1847,0.6558948863636364
"(fp64,fp64)","(cpu,cpu)","(0001,0101)",2816,2809,0.9975142045454546
"(fp64,fp64)","(cpu,cpu)","(0101,0001)",2816,2806,0.9964488636363636
"(fp64,fp64)","(cpu,cpu)","(0101,0101)",2816,2814,0.9992897727272727
"(fp64,fp64)","(cpu,cpu)","(0100,0100)",2816,1239,0.43998579545454547
"(fp64,fp64)","(cpu,cpu)","(0100,0110)",2816,1016,0.36079545454545453
"(fp64,fp64)","(cpu,cpu)","(0110,0100)",2816,1426,0.5063920454545454
"(fp64,fp64)","(cpu,cpu)","(0110,0110)",2816,2813,0.9989346590909091
"(fp64,fp64)","(cpu,cpu)","(0110,0110)",2816,1722,0.6115056818181818
"(fp64,fp64)","(cpu,cpu)","(0110,0111)",2816,1857,0.6594460227272727
"(fp64,fp64)","(cpu,cpu)","(0111,0110)",2816,1309,0.46484375
"(fp64,fp64)","(cpu,cpu)","(0111,0111)",2816,2772,0.984375
"(fp64,fp64)","(cpu,cpu)","(0000,0000)",2816,1284,0.4559659090909091
"(fp64,fp64)","(cpu,cpu)","(0000,1000)",2816,2594,0.9211647727272727
"(fp64,fp64)","(cpu,cpu)","(1000,0000)",2816,2729,0.9691051136363636
"(fp64,fp64)","(cpu,cpu)","(1000,1000)",2816,1672,0.59375
"(fp64,fp64)","(cpu,cpu)","(0001,0001)",2816,2816,1.0
"(fp64,fp64)","(cpu,cpu)","(0001,0101)",2816,1706,0.6058238636363636
"(fp64,fp64)","(cpu,cpu)","(0101,0001)",2816,1351,0.4797585227272727
"(fp64,fp64)","(cpu,cpu)","(0101,0101)",2816,1768,0.6278409090909091
"(fp64,fp64)","(cpu,cpu)","(0100,0100)",2816,2814,0.9992897727272727
"(fp64,fp64)","(cpu,cpu)","(0100,0110)",2816,1536,0.5454545454545454
"(fp64,fp64)","(cpu,cpu)","(0110,0100)",2816,886,0.3146306818181818
"(fp64,fp64)","(cpu,cpu)","(0110,0110)",2816,820,0.2911931818181818
"(fp64,fp64)","(cpu,cpu)","(0110,0110)",2816,2082,0.7393465909090909
"(fp64,fp64)","(cpu,cpu)","(0110,0111)",2816,1728,0.6136363636363636
"(fp64,fp64)","(cpu,cpu)","(0111,0110)",2816,1870,0.6640625
"(fp64,fp64)","(cpu,cpu)","(0111,0111)",2816,1004,0.3565340909090909
"(fp64,fp64)","(cpu,cpu)","(0000,0000)",2816,2816,1.0
"(fp64,fp64)","(cpu,cpu)","(0000,1000)",2816,2266,0.8046875
"(fp64,fp64)","(cpu,cpu)","(1000,0000)",2816,2095,0.7439630681818182
"(fp64,fp64)","(cpu,cpu)","(1000,1000)",2816,2267,0.8050426136363636
"(fp64,fp64)","(cpu,cpu)","(0001,0001)",2816,1252,0.4446022727272727
"(fp64,fp64)","(cpu,cpu)","(0001,0101)",2816,1544,0.5482954545454546
"(fp64,fp64)","(cpu,cpu)","(0101,0001)",2816,2302,0.8174715909090909
"(fp64,fp64)","(cpu,cpu)","(0101,0101)",2816,1754,0.6228693181818182
"(fp64,fp64)","(cpu,cpu)","(0100,0100)",2816,1331,0.47265625
"(fp64,fp64)","(cpu,cpu)","(0100,0110)",2816,1584,0.5625
"(fp64,fp64)","(cpu,cpu)","(0110,0100)",2816,1866,0.6626420454545454
"(fp64,fp64)","(cpu,cpu)","(0110,0110)",2816,1544,0.5482954545454546
"(fp64,fp64)","(cpu,cpu)","(0110,0110)",2816,2456,0.8721590909090909
"(fp64,fp64)","(cpu,cpu)","(0110,0111)",2816,1859,0.66015625
"(fp64,fp64)","(cpu,cpu)","(0111,0110)",2816,1166,0.4140625
"(fp64,fp64)","(cpu,cpu)","(0111,0111)",2816,2790,0.9907670454545454
"(fp64,fp64)","(cpu,cpu)","(0000,0000)",2816,1362,0.4836647727272727
"(fp64,fp64)","(cpu,cpu)","(0000,1000)",2816,2087,0.7411221590909091
"(fp64,fp64)","(cpu,cpu)","(1000,0000)",2816,477,0.16938920454545456
"(fp64,fp64)","(cpu,cpu)","(1000,1000)",2816,1042,0.3700284090909091
"(fp64,fp64)","(cpu,cpu)","(0001,0001)",2816,2797,0.9932528409090909
"(fp64,fp64)","(cpu,cpu)","(0001,0101)",2816,1146,0.4069602272727273
"(fp64,fp64)","(cpu,cpu)","(0101,0001)",2816,1670,0.5930397727272727
"(fp64,fp64)","(cpu,cpu)","(0101,0101)",2816,1476,0.5241477272727273
"(fp64,fp64)","(cpu,cpu)","(0100,0100)",2816,1316,0.46732954545454547
"(fp64,fp64)","(cpu,cpu)","(0100,0110)",2816,2816,1.0
"(fp64,fp64)","(cpu,cpu)","(0110,0100)",2816,2816,1.0
"(fp64,fp64)","(cpu,cpu)","(0110,0110)",2816,2586,0.9183238636363636
"(fp64,fp64)","(cpu,cpu)","(0110,0110)",2816,2415,0.8575994318181818
"(fp64,fp64)","(cpu,cpu)","(0110,0111)",2816,2809,0.9975142045454546
"(fp64,fp64)","(cpu,cpu)","(0111,0110)",2816,1478,0.5248579545454546
"(fp64,fp64)","(cpu,cpu)","(0111,0111)",2816,2816,1.0
"(fp64,fp64)","(cpu,cpu)","(0000,0000)",2816,2804,0.9957386363636364
"(fp64,fp64)","(cpu,cpu)","(0000,1000)",2816,2653,0.9421164772727273
"(fp64,fp64)","(cpu,cpu)","(1000,0000)",2816,2756,0.9786931818181818
"(fp64,fp64)","(cpu,cpu)","(1000,1000)",2816,1526,0.5419034090909091
"(fp64,fp64)","(cpu,cpu)","(0001,0001)",2816,2592,0.9204545454545454
"(fp64,fp64)","(cpu,cpu)","(0001,0101)",2816,2697,0.9577414772727273
"(fp64,fp64)","(cpu,cpu)","(0101,0001)",2816,1528,0.5426136363636364
"(fp64,fp64)","(cpu,cpu)","(0101,0101)",2816,1082,0.38423295454545453
"(fp64,fp64)","(cpu,cpu)","(0100,0100)",2816,1519,0.5394176136363636
"(fp64,fp64)","(cpu,cpu)","(0100,0110)",2816,1185,0.4208096590909091
"(fp64,fp64)","(cpu,cpu)","(0110,0100)",2816,1357,0.48188920454545453
"(fp64,fp64)","(cpu,cpu)","(0110,0110)",2816,2220,0.7883522727272727
"(fp64,fp64)","(cpu,cpu)","(0110,0110)",2816,2688,0.9545454545454546
"(fp64,fp64)","(cpu,cpu)","(0110,0111)",2816,798,0.2833806818181818
"(fp64,fp64)","(cpu,cpu)","(0111,0110)",2816,1291,0.45845170454545453
"(fp64,fp64)","(cpu,cpu)","(0111,0111)",2816,910,0.3231534090909091
"(fp32,fp32)","(cuda:1,cuda:1)","(0000,0000)",2816,1964,0.6974431818181818
"(fp32,fp32)","(cuda:1,cuda:1)","(0000,1000)",2816,943,0.3348721590909091
"(fp32,fp32)","(cuda:1,cuda:1)","(1000,0000)",2816,1522,0.5404829545454546
"(fp32,fp32)","(cuda:1,cuda:1)","(1000,1000)",2816,2309,0.8199573863636364
"(fp32,fp32)","(cuda:1,cuda:1)","(0001,0001)",2816,1521,0.5401278409090909
"(fp32,fp32)","(cuda:1,cuda:1)","(0001,0101)",2816,1139,0.4044744318181818
"(fp32,fp32)","(cuda:1,cuda:1)","(0101,0001)",2816,2421,0.8597301136363636
"(fp32,fp32)","(cuda:1,cuda:1)","(0101,0101)",2816,1150,0.4083806818181818
"(fp32,fp32)","(cuda:1,cuda:1)","(0100,0100)",2816,2397,0.8512073863636364
"(fp32,fp32)","(cuda:1,cuda:1)","(0100,0110)",2816,1656,0.5880681818181818
"(fp32,fp32)","(cuda:1,cuda:1)","(0110,0100)",2816,1426,0.5063920454545454
"(fp32,fp32)","(cuda:1,cuda:1)","(0110,0110)",2816,2079,0.73828125
"(fp32,fp32)","(cuda:1,cuda:1)","(0110,0110)",2816,1757,0.6239346590909091
"(fp32,fp32)","(cuda:1,cuda:1)","(0110,0111)",2816,1127,0.4002130681818182
"(fp32,fp32)","(cuda:1,cuda:1)","(0111,0110)",2816,1513,0.5372869318181818
"(fp32,fp32)","(cuda:1,cuda:1)","(0111,0111)",2816,1437,0.5102982954545454
"(fp32,fp32)","(cuda:1,cuda:1)","(0000,0000)",2816,1025,0.3639914772727273
"(fp32,fp32)","(cuda:1,cuda:1)","(0000,1000)",2816,1298,0.4609375
"(fp32,fp32)","(cuda:1,cuda:1)","(1000,0000)",2816,2780,0.9872159090909091
"(fp32,fp32)","(cuda:1,cuda:1)","(1000,1000)",2816,1671,0.5933948863636364
"(fp32,fp32)","(cuda:1,cuda:1)","(0001,0001)",2816,1704,0.6051136363636364
"(fp32,fp32)","(cuda:1,cuda:1)","(0001,0101)",2816,1384,0.4914772727272727
"(fp32,fp32)","(cuda:1,cuda:1)","(0101,0001)",2816,1345,0.4776278409090909
"(fp32,fp32)","(cuda:1,cuda:1)","(0101,0101)",2816,2816,1.0
"(fp32,fp32)","(cuda:1,cuda:1)","(0100,0100)",2816,2596,0.921875
"(fp32,fp32)","(cuda:1,cuda:1)","(0100,0110)",2816,2816,1.0
"(fp32,fp32)","(cuda:1,cuda:1)","(0110,0100)",2816,1669,0.5926846590909091
"(fp32,fp32)","(cuda:1,cuda:1)","(0110,0110)",2816,1018,0.3615056818181818
"(fp32,fp32)","(cuda:1,cuda:1)","(0110,0110)",2816,2807,0.9968039772727273
"(fp32,fp32)","(cuda:1,cuda:1)","(0110,0111)",2816,1035,0.36754261363636365
"(fp32,fp32)","(cuda:1,cuda:1)","(0111,0110)",2816,2120,0.7528409090909091
"(fp32,fp32)","(cuda:1,cuda:1)","(0111,0111)",2816,597,0.2120028409090909
"(fp32,fp32)","(cuda:1,cuda:1)","(0000,0000)",2816,1201,0.4264914772727273
"(fp32,fp32)","(cuda:1,cuda:1)","(0000,1000)",2816,2043,0.7254971590909091
"(fp32,fp32)","(cuda:1,cuda:1)","(1000,0000)",2816,2574,0.9140625
"(fp32,fp32)","(cuda:1,cuda:1)","(1000,1000)",2816,2248,0.7982954545454546
"(fp32,fp32)","(cuda:1,cuda:1)","(0001,0001)",2816,2472,0.8778409090909091
"(fp32,fp32)","(cuda:1,cuda:1)","(0001,0101)",2816,852,0.3025568181818182
"(fp32,fp32)","(cuda:1,cuda:1)","(0101,0001)",2816,1275,0.45276988636363635
"(fp32,fp32)","(cuda:1,cuda:1)","(0101,0101)",2816,965,0.3426846590909091
"(fp32,fp32)","(cuda:1,cuda:1)","(0100,0100)",2816,2099,0.7453835227272727
"(fp32,fp32)","(cuda:1,cuda:1)","(0100,0110)",2816,1180,0.4190340909090909
"(fp32,fp32)","(cuda:1,cuda:1)","(0110,0100)",2816,1710,0.6072443181818182
"(fp32,fp32)","(cuda:1,cuda:1)","(0110,0110)",2816,1080,0.3835227272727273
"(fp32,fp32)","(cuda:1,cuda:1)","(0110,0110)",2816,2816,1.0
"(fp32,fp32)","(cuda:1,cuda:1)","(0110,0111)",2816,2441,0.8668323863636364
"(fp32,fp32)","(cuda:1,cuda:1)","(0111,0110)",2816,2740,0.9730113636363636
"(fp32,fp32)","(cuda:1,cuda:1)","(0111,0111)",2816,2778,0.9865056818181818
"(fp32,fp32)","(cuda:1,cuda:1)","(0000,0000)",2816,1316,0.46732954545454547
"(fp32,fp32)","(cuda:1,cuda:1)","(0000,1000)",2816,2753,0.9776278409090909
"(fp32,fp32)","(cuda:1,cuda:1)","(1000,0000)",2816,2094,0.7436079545454546
"(fp32,fp32)","(cuda:1,cuda:1)","(1000,1000)",2816,2816,1.0
"(fp32,fp32)","(cuda:1,cuda:1)","(0001,0001)",2816,2385,0.8469460227272727
"(fp32,fp32)","(cuda:1,cuda:1)","(0001,0101)",2816,1927,0.6843039772727273
"(fp32,fp32)","(cuda:1,cuda:1)","(0101,0001)",2816,2041,0.7247869318181818
"(fp32,fp32)","(cuda:1,cuda:1)","(0101,0101)",2816,1475,0.5237926136363636
"(fp32,fp32)","(cuda:1,cuda:1)","(0100,0100)",2816,2816,1.0
"(fp32,fp32)","(cuda:1,cuda:1)","(0100,0110)",2816,1980,0.703125
"(fp32,fp32)","(cuda:1,cuda:1)","(0110,0100)",2816,1386,0.4921875
"(fp32,fp32)","(cuda:1,cuda:1)","(0110,0110)",2816,2641,0.9378551136363636
"(fp32,fp32)","(cuda:1,cuda:1)","(0110,0110)",2816,2130,0.7563920454545454
"(fp32,fp32)","(cuda:1,cuda:1)","(0110,0111)",2816,2555,0.9073153409090909
"(fp32,fp32)","(cuda:1,cuda:1)","(0111,0110)",2816,1055,0.37464488636363635
"(fp32,fp32)","(cuda:1,cuda:1)","(0111,0111)",2816,1331,0.47265625
"(fp32,fp32)","(cuda:1,cuda:1)","(0000,0000)",2816,2495,0.8860085227272727
"(fp32,fp32)","(cuda:1,cuda:1)","(0000,1000)",2816,1750,0.6214488636363636
"(fp32,fp32)","(cuda:1,cuda:1)","(1000,0000)",2816,1425,0.5060369318181818
"(fp32,fp32)","(cuda:1,cuda:1)","(1000,1000)",2816,1045,0.37109375
"(fp32,fp32)","(cuda:1,cuda:1)","(0001,0001)",2816,1050,0.3728693181818182
"(fp32,fp32)","(cuda:1,cuda:1)","(0001,0101)",2816,1291,0.45845170454545453
"(fp32,fp32)","(cuda:1,cuda:1)","(0101,0001)",2816,1051,0.3732244318181818
"(fp32,fp32)","(cuda:1,cuda:1)","(0101,0101)",2816,1608,0.5710227272727273
"(fp32,fp32)","(cuda:1,cuda:1)","(0100,0100)",2816,1625,0.5770596590909091
"(fp32,fp32)","(cuda:1,cuda:1)","(0100,0110)",2816,1729,0.6139914772727273
"(fp32,fp32)","(cuda:1,cuda:1)","(0110,0100)",2816,2141,0.7602982954545454
"(fp32,fp32)","(cuda:1,cuda:1)","(0110,0110)",2816,2594,0.9211647727272727
"(fp32,fp32)","(cuda:1,cuda:1)","(0110,0110)",2816,1894,0.6725852272727273
"(fp32,fp32)","(cuda:1,cuda:1)","(0110,0111)",2816,1552,0.5511363636363636
"(fp32,fp32)","(cuda:1,cuda:1)","(0111,0110)",2816,1523,0.5408380681818182
"(fp32,fp32)","(cuda:1,cuda:1)","(0111,0111)",2816,2776,0.9857954545454546
"(fp32,fp32)","(cuda:1,cuda:1)","(0000,0000)",2816,1008,0.35795454545454547
"(fp32,fp32)","(cuda:1,cuda:1)","(0000,1000)",2816,1478,0.5248579545454546
"(fp32,fp32)","(cuda:1,cuda:1)","(1000,0000)",2816,2255,0.80078125
"(fp32,fp32)","(cuda:1,cuda:1)","(1000,1000)",2816,1335,0.47407670454545453
"(fp32,fp32)","(cuda:1,cuda:1)","(0001,0001)",2816,1344,0.4772727272727273
"(fp32,fp32)","(cuda:1,cuda:1)","(0001,0101)",2816,914,0.32457386363636365
"(fp32,fp32)","(cuda:1,cuda:1)","(0101,0001)",2816,1432,0.5085227272727273
"(fp32,fp32)","(cuda:1,cuda:1)","(0101,0101)",2816,798,0.2833806818181818
"(fp32,fp32)","(cuda:1,cuda:1)","(0100,0100)",2816,1824,0.6477272727272727
"(fp32,fp32)","(cuda:1,cuda:1)","(0100,0110)",2816,1845,0.6551846590909091
"(fp32,fp32)","(cuda:1,cuda:1)","(0110,0100)",2816,2264,0.8039772727272727
"(fp32,fp32)","(cuda:1,cuda:1)","(0110,0110)",2816,2385,0.8469460227272727
"(fp32,fp32)","(cuda:1,cuda:1)","(0110,0110)",2816,1797,0.6381392045454546
"(fp32,fp32)","(cuda:1,cuda:1)","(0110,0111)",2816,1984,0.7045454545454546
"(fp32,fp32)","(cuda:1,cuda:1)","(0111,0110)",2816,1601,0.5685369318181818
"(fp32,fp32)","(cuda:1,cuda:1)","(0111,0111)",2816,1445,0.5131392045454546
"(fp32,fp32)","(cuda:1,cuda:1)","(0000,0000)",2816,1600,0.5681818181818182
"(fp32,fp32)","(cuda:1,cuda:1)","(0000,1000)",2816,1618,0.5745738636363636
"(fp32,fp32)","(cuda:1,cuda:1)","(1000,0000)",2816,1345,0.4776278409090909
"(fp32,fp32)","(cuda:1,cuda:1)","(1000,1000)",2816,1877,0.6665482954545454
"(fp32,fp32)","(cuda:1,cuda:1)","(0001,0001)",2816,1228,0.43607954545454547
"(fp32,fp32)","(cuda:1,cuda:1)","(0001,0101)",2816,2629,0.93359375
"(fp32,fp32)","(cuda:1,cuda:1)","(0101,0001)",2816,1335,0.47407670454545453
"(fp32,fp32)","(cuda:1,cuda:1)","(0101,0101)",2816,1716,0.609375
"(fp32,fp32)","(cuda:1,cuda:1)","(0100,0100)",2816,1740,0.6178977272727273
"(fp32,fp32)","(cuda:1,cuda:1)","(0100,0110)",2816,1284,0.4559659090909091
"(fp32,fp32)","(cuda:1,cuda:1)","(0110,0100)",2816,1680,0.5965909090909091
"(fp32,fp32)","(cuda:1,cuda:1)","(0110,0110)",2816,1278,0.4538352272727273
"(fp32,fp32)","(cuda:1,cuda:1)","(0110,0110)",2816,1605,0.5699573863636364
"(fp32,fp32)","(cuda:1,cuda:1)","(0110,0111)",2816,2734,0.9708806818181818
"(fp32,fp32)","(cuda:1,cuda:1)","(0111,0110)",2816,1553,0.5514914772727273
"(fp32,fp32)","(cuda:1,cuda:1)","(0111,0111)",2816,2816,1.0
"(fp32,fp32)","(cuda:1,cuda:1)","(0000,0000)",2816,1702,0.6044034090909091
"(fp32,fp32)","(cuda:1,cuda:1)","(0000,1000)",2816,2074,0.7365056818181818
"(fp32,fp32)","(cuda:1,cuda:1)","(1000,0000)",2816,1421,0.5046164772727273
"(fp32,fp32)","(cuda:1,cuda:1)","(1000,1000)",2816,1934,0.6867897727272727
"(fp32,fp32)","(cuda:1,cuda:1)","(0001,0001)",2816,1643,0.5834517045454546
"(fp32,fp32)","(cuda:1,cuda:1)","(0001,0101)",2816,2804,0.9957386363636364
"(fp32,fp32)","(cuda:1,cuda:1)","(0101,0001)",2816,2273,0.8071732954545454
"(fp32,fp32)","(cuda:1,cuda:1)","(0101,0101)",2816,2419,0.8590198863636364
"(fp32,fp32)","(cuda:1,cuda:1)","(0100,0100)",2816,1207,0.4286221590909091
"(fp32,fp32)","(cuda:1,cuda:1)","(0100,0110)",2816,2515,0.8931107954545454
"(fp32,fp32)","(cuda:1,cuda:1)","(0110,0100)",2816,1868,0.6633522727272727
"(fp32,fp32)","(cuda:1,cuda:1)","(0110,0110)",2816,1769,0.6281960227272727
"(fp32,fp32)","(cuda:1,cuda:1)","(0110,0110)",2816,906,0.32173295454545453
"(fp32,fp32)","(cuda:1,cuda:1)","(0110,0111)",2816,1588,0.5639204545454546
"(fp32,fp32)","(cuda:1,cuda:1)","(0111,0110)",2816,949,0.3370028409090909
"(fp32,fp32)","(cuda:1,cuda:1)","(0111,0111)",2816,1374,0.48792613636363635
"(fp32,fp32)","(cpu,cpu)","(0000,0000)",2816,2037,0.7233664772727273
"(fp32,fp32)","(cpu,cpu)","(0000,1000)",2816,2363,0.8391335227272727
"(fp32,fp32)","(cpu,cpu)","(1000,0000)",2816,1574,0.5589488636363636
"(fp32,fp32)","(cpu,cpu)","(1000,1000)",2816,2816,1.0
"(fp32,fp32)","(cpu,cpu)","(0001,0001)",2816,2216,0.7869318181818182
"(fp32,fp32)","(cpu,cpu)","(0001,0101)",2816,869,0.30859375
"(fp32,fp32)","(cpu,cpu)","(0101,0001)",2816,1059,0.3760653409090909
"(fp32,fp32)","(cpu,cpu)","(0101,0101)",2816,1484,0.5269886363636364
"(fp32,fp32)","(cpu,cpu)","(0100,0100)",2816,913,0.32421875
"(fp32,fp32)","(cpu,cpu)","(0100,0110)",2816,2090,0.7421875
"(fp32,fp32)","(cpu,cpu)","(0110,0100)",2816,1071,0.38032670454545453
"(fp32,fp32)","(cpu,cpu)","(0110,0110)",2816,1754,0.6228693181818182
"(fp32,fp32)","(cpu,cpu)","(0110,0110)",2816,1531,0.5436789772727273
"(fp32,fp32)","(cpu,cpu)","(0110,0111)",2816,1689,0.5997869318181818
"(fp32,fp32)","(cpu,cpu)","(0111,0110)",2816,2697,0.9577414772727273
"(fp32,fp32)","(cpu,cpu)","(0111,0111)",2816,2670,0.9481534090909091
"(fp32,fp32)","(cpu,cpu)","(0000,0000)",2816,1878,0.6669034090909091
"(fp32,fp32)","(cpu,cpu)","(0000,1000)",2816,972,0.34517045454545453
"(fp32,fp32)","(cpu,cpu)","(1000,0000)",2816,1730,0.6143465909090909
"(fp32,fp32)","(cpu,cpu)","(1000,1000)",2816,821,0.29154829545454547
"(fp32,fp32)","(cpu,cpu)","(0001,0001)",2816,1780,0.6321022727272727
"(fp32,fp32)","(cpu,cpu)","(0001,0101)",2816,2437,0.8654119318181818
"(fp32,fp32)","(cpu,cpu)","(0101,0001)",2816,1992,0.7073863636363636
"(fp32,fp32)","(cpu,cpu)","(0101,0101)",2816,2816,1.0
"(fp32,fp32)","(cpu,cpu)","(0100,0100)",2816,1674,0.5944602272727273
"(fp32,fp32)","(cpu,cpu)","(0100,0110)",2816,1026,0.3643465909090909
"(fp32,fp32)","(cpu,cpu)","(0110,0100)",2816,2798,0.9936079545454546
"(fp32,fp32)","(cpu,cpu)","(0110,0110)",2816,1991,0.70703125
"(fp32,fp32)","(cpu,cpu)","(0110,0110)",2816,2767,0.9825994318181818
"(fp32,fp32)","(cpu,cpu)","(0110,0111)",2816,1061,0.3767755681818182
"(fp32,fp32)","(cpu,cpu)","(0111,0110)",2816,2774,0.9850852272727273
"(fp32,fp32)","(cpu,cpu)","(0111,0111)",2816,1708,0.6065340909090909
"(fp32,fp32)","(cpu,cpu)","(0000,0000)",2816,2637,0.9364346590909091
"(fp32,fp32)","(cpu,cpu)","(0000,1000)",2816,1181,0.41938920454545453
"(fp32,fp32)","(cpu,cpu)","(1000,0000)",2816,2816,1.0
"(fp32,fp32)","(cpu,cpu)","(1000,1000)",2816,1767,0.6274857954545454
"(fp32,fp32)","(cpu,cpu)","(0001,0001)",2816,1105,0.3924005681818182
"(fp32,fp32)","(cpu,cpu)","(0001,0101)",2816,995,0.3533380681818182
"(fp32,fp32)","(cpu,cpu)","(0101,0001)",2816,2637,0.9364346590909091
"(fp32,fp32)","(cpu,cpu)","(0101,0101)",2816,2458,0.8728693181818182
"(fp32,fp32)","(cpu,cpu)","(0100,0100)",2816,1285,0.4563210227272727
"(fp32,fp32)","(cpu,cpu)","(0100,0110)",2816,2815,0.9996448863636364
"(fp32,fp32)","(cpu,cpu)","(0110,0100)",2816,1465,0.5202414772727273
"(fp32,fp32)","(cpu,cpu)","(0110,0110)",2816,2280,0.8096590909090909
"(fp32,fp32)","(cpu,cpu)","(0110,0110)",2816,2682,0.9524147727272727
"(fp32,fp32)","(cpu,cpu)","(0110,0111)",2816,1807,0.6416903409090909
"(fp32,fp32)","(cpu,cpu)","(0111,0110)",2816,1455,0.5166903409090909
"(fp32,fp32)","(cpu,cpu)","(0111,0111)",2816,914,0.32457386363636365
"(fp32,fp32)","(cpu,cpu)","(0000,0000)",2816,2652,0.9417613636363636
"(fp32,fp32)","(cpu,cpu)","(0000,1000)",2816,912,0.32386363636363635
"(fp32,fp32)","(cpu,cpu)","(1000,0000)",2816,1518,0.5390625
"(fp32,fp32)","(cpu,cpu)","(1000,1000)",2816,1400,0.4971590909090909
"(fp32,fp32)","(cpu,cpu)","(0001,0001)",2816,1885,0.6693892045454546
"(fp32,fp32)","(cpu,cpu)","(0001,0101)",2816,1614,0.5731534090909091
"(fp32,fp32)","(cpu,cpu)","(0101,0001)",2816,1802,0.6399147727272727
"(fp32,fp32)","(cpu,cpu)","(0101,0101)",2816,1684,0.5980113636363636
"(fp32,fp32)","(cpu,cpu)","(0100,0100)",2816,2802,0.9950284090909091
"(fp32,fp32)","(cpu,cpu)","(0100,0110)",2816,1637,0.5813210227272727
"(fp32,fp32)","(cpu,cpu)","(0110,0100)",2816,2669,0.9477982954545454
"(fp32,fp32)","(cpu,cpu)","(0110,0110)",2816,2638,0.9367897727272727
"(fp32,fp32)","(cpu,cpu)","(0110,0110)",2816,1790,0.6356534090909091
"(fp32,fp32)","(cpu,cpu)","(0110,0111)",2816,2414,0.8572443181818182
"(fp32,fp32)","(cpu,cpu)","(0111,0110)",2816,1239,0.43998579545454547
"(fp32,fp32)","(cpu,cpu)","(0111,0111)",2816,1320,0.46875
"(fp32,fp32)","(cpu,cpu)","(0000,0000)",2816,2300,0.8167613636363636
"(fp32,fp32)","(cpu,cpu)","(0000,1000)",2816,1548,0.5497159090909091
"(fp32,fp32)","(cpu,cpu)","(1000,0000)",2816,1596,0.5667613636363636
"(fp32,fp32)","(cpu,cpu)","(1000,1000)",2816,1261,0.44779829545454547
"(fp32,fp32)","(cpu,cpu)","(0001,0001)",2816,2437,0.8654119318181818
"(fp32,fp32)","(cpu,cpu)","(0001,0101)",2816,2740,0.9730113636363636
"(fp32,fp32)","(cpu,cpu)","(0101,0001)",2816,2473,0.8781960227272727
"(fp32,fp32)","(cpu,cpu)","(0101,0101)",2816,1514,0.5376420454545454
"(fp32,fp32)","(cpu,cpu)","(0100,0100)",2816,2607,0.92578125
"(fp32,fp32)","(cpu,cpu)","(0100,0110)",2816,2404,0.8536931818181818
"(fp32,fp32)","(cpu,cpu)","(0110,0100)",2816,1255,0.44566761363636365
"(fp32,fp32)","(cpu,cpu)","(0110,0110)",2816,2697,0.9577414772727273
"(fp32,fp32)","(cpu,cpu)","(0110,0110)",2816,1727,0.61328125
"(fp32,fp32)","(cpu,cpu)","(0110,0111)",2816,1278,0.4538352272727273
"(fp32,fp32)","(cpu,cpu)","(0111,0110)",2816,1982,0.7038352272727273
"(fp32,fp32)","(cpu,cpu)","(0111,0111)",2816,2812,0.9985795454545454
"(fp32,fp32)","(cpu,cpu)","(0000,0000)",2816,2809,0.9975142045454546
"(fp32,fp32)","(cpu,cpu)","(0000,1000)",2816,1025,0.3639914772727273
